# Reference molar enthalpy of NORMAL HYDROGEN, re-computed by
# bin/curate/reference_h2_enthalpy.py (never edited by hand).
# Model: Leachman, Jacobsen, Penoncello & Lemmon, J. Phys. Chem. Ref. Data
#   38 (2009) 721-748, as implemented in CoolProp (Bell et al., Ind. Eng.
#   Chem. Res. 53 (2014) 2498; MIT), fluid 'Hydrogen', HEOS backend.
# CoolProp version: 8.0.0
# Hmolar is on CoolProp's DEFAULT reference state for this fluid (not
#   Choupo's elements datum); the page shifts both to h(300 K, 1 bar) = 0.
# Hmolar_residual is the departure from the ideal gas at the same (T, P).
T_K,P_bar,Hmolar_J_mol,Hmolar_residual_J_mol
300,1,7979.407122,0.873079
300,100,8074.079271,95.545228
300,300,8312.639712,334.105669
300,600,8738.233356,759.699313
300,1000,9354.444860,1375.910817
400,1,10886.155529,1.270630
400,100,11015.322546,130.437647
400,300,11297.296959,412.412060
400,600,11753.938944,869.054046
400,1000,12387.440550,1502.555652
500,1,13808.923576,1.483650
500,100,13957.115087,149.675160
500,300,14265.696553,458.256626
500,600,14744.636219,937.196293
500,1000,15393.638951,1586.199025
600,1,16737.833313,1.608482
600,100,16897.396929,161.172098
600,300,17223.005197,486.780366
600,600,17717.588762,981.363932
600,1000,18378.692343,1642.467512
700,1,19676.798769,1.685239
700,100,19843.457874,168.344344
700,300,20180.210954,505.097424
700,600,20685.689833,1010.576303
700,1000,21355.759614,1680.646084
800,1,22631.929621,1.733433
800,100,22803.095071,172.898883
800,300,23147.181011,516.984823
800,600,23660.150457,1029.954269
800,1000,24336.625195,1706.429007
900,1,25609.500807,1.763600
900,100,25783.514251,175.777045
900,300,26132.361204,524.623997
900,600,26650.342722,1042.605516
900,1000,27331.194568,1723.457361
1000,1,28615.556177,1.781877
1000,100,28791.310529,177.536228
1000,300,29143.129205,529.354905
1000,600,29664.290669,1050.516368
1000,1000,30347.924935,1734.150635
733.15,150,20907.628582,255.008664
733.15,1,20654.323656,1.703738
